velocidad,nullcolumn,salario_empresa,nacionalidad,tipo,marginado,normal_1,normal_2
81 km/h,Casado,3226.14148091105,Español,Daniel,True,82.07279212333779,4.300428295871802
32 km/h,,2958.1950055543666,Español,Normal,False,132.7248907514926,4.230731094457547
16 m/s,,3103.039003017909,Español,Normal,False,111.13208977448025,5.49629597012696
35 m/s,,3159.7328587570596,Español,Normal,False,105.58510362410037,4.084279272662686
14 m/s,,2607.318245783625,Español,Normal,True,99.66615019904026,4.939588936925858
21.6 m/s,,2927.744733122723,Español,Normal,False,55.93130473583104,5.7296087046924535
72.0 km/h,,2843.113556037494,Español,Normal,False,111.18420608719582,4.8183945326356605
47.5 mph,Soltero,3070.8304128105246,Español,Normal,False,99.39614512448851,5.588940201318483
107.4 km/h,Casado,2654.4370563968423,Español,Normal,False,112.61944156164263,4.77241353230804
104 km/h,,2708.3035137273873,Español,Normal,False,119.1318920718494,3.7833823074944615
71 km/h,,2838.9600785755733,Español,Normal,False,83.42274253967389,6.2370935296829755
69.8 km/h,,2953.9525519709814,Español,Normal,False,104.94639127611254,5.415437060371616
51 mph,,3436.9785929260343,Español,Normal,False,87.87964065233318,5.980980523905476
88.4 km/h,Soltero,2671.4894117053686,Español,Normal,False,108.57356030326446,5.795174690802993
19.3 m/s,,2447.750240408789,Español,Normal,False,115.00428414546246,4.29220002079904
115.5 km/h,,3107.87993077723,Español,Normal,False,110.6987977110214,5.101481994765042
11 m/s,,2969.493870533233,Español,Normal,False,83.58689944022306,4.1796748134437305
77.2 km/h,,3183.892978701125,Español,Normal,False,106.48147224625343,4.683851732382528
50 mph,,3811.31547751129,Español,Normal,False,108.86802133158183,5.234335274124739
91 km/h,,2868.949584221392,Español,Normal,False,100.8984503395437,5.643361623935358
18 m/s,,3359.4007627280353,Español,Normal,False,87.25851114084975,4.625127528288518
23 m/s,,2943.848375814642,Español,Normal,False,95.29032045791766,5.742852932675238
68 km/h,,3143.858707423363,Español,Normal,False,105.61550489403427,5.477278099921024
22.2 m/s,,3314.124416974316,Español,Normal,False,107.88756167830934,6.673755211983624
65 mph,,3459.436311993819,Español,Normal,False,111.97662337018762,5.646176514005352
77 mph,,3030.534436009684,Español,Daniel,True,129.11607708893598,4.088325539543522
24 m/s,,3153.9148842172835,Español,Normal,False,98.26847648373062,5.1141410948281845
20.3 m/s,,2912.406047607106,Español,Normal,False,105.03365154960464,4.123389881099769
55 mph,,3631.48191189998,Español,Normal,False,130.2668824934625,5.412249211797099
21.7 m/s,,3246.0508642781283,Español,Normal,False,107.61167409898124,3.921392092241338
67 mph,,2856.3077276596055,Español,Normal,False,103.4849170352572,4.822195819316086
40 mph,Casado,3034.279385636676,Español,Normal,False,95.74933164861878,4.749651081452146
103.0 km/h,,2769.7630145943117,Español,Normal,False,111.28168646079871,4.6907719097193175
69.1 mph,,2451.545005858214,Español,Normal,False,102.26929126112876,5.380394390854017
41 mph,,3872.738343457938,Español,Normal,False,110.35749652147754,5.7307253163943965
86.6 km/h,,3331.917609979091,Español,Normal,False,126.20278372037637,5.652842573101557
41 mph,Casado,2840.87395975914,Español,Normal,False,117.30105762989004,6.045066152087545
88.5 km/h,,2397.4667411947294,Español,Normal,True,102.95466542671788,4.712080447952335
52 km/h,,3678.3368976076626,Español,Normal,False,119.89528627276422,4.68963042394287
28 m/s,,2877.75122801099,Español,Normal,False,84.76933871191306,3.546554904020528
83 km/h,Divorciado,2676.643874329966,Español,Normal,True,117.19780756293676,4.8863686500761965
17.3 m/s,,2533.860592360595,Español,Normal,False,118.07981736470427,5.0578731343440495
37.2 mph,,3160.874459330885,Español,Normal,False,88.23173391316647,4.461999262650201
23 m/s,,3191.3569102286983,Español,Normal,False,98.55657304789462,3.63335417782979
21 m/s,,2724.220655348511,Español,Normal,False,107.88152939753712,5.466972648575903
68 km/h,,2577.262145927495,Español,Normal,False,129.78364287180872,4.937135276323369
21.0 m/s,,2772.44195446513,Español,Normal,False,103.43536763693817,5.106916963191495
55.0 mph,,3285.865113785505,Español,Normal,False,88.16056850268087,7.676443257596549
24 m/s,,2354.0264744775072,Español,Normal,False,123.43983673943315,5.085631728635362
18.2 m/s,,2813.1039150000756,Español,Normal,False,101.11591108545836,3.8244871984841042
102.7 km/h,,2991.256485165578,Español,Normal,False,114.93293674307111,4.125956276995987
43 km/h,,2988.479823038386,Español,Normal,False,102.27513073402415,5.763040472426998
76 km/h,,3338.333772871905,Español,Normal,False,101.67217389571967,4.401684682717821
58 km/h,,3402.9958311360638,Español,Normal,False,98.75942830943855,3.9527354186960584
55 mph,,3133.185529548669,Español,Normal,False,106.23908492957742,5.552257531985166
50.8 mph,,2767.0436010057265,Español,Normal,False,95.82793898314168,4.408604010105829
72.8 km/h,,3141.1396920111124,Español,Daniel,True,81.33696403963415,5.766939430979857
86.9 km/h,,3709.5452632747697,Español,Normal,False,123.7599995543188,5.040602413986173
18 m/s,,2689.974233212848,Español,Normal,False,113.94031658807349,5.951134431731803
22.3 m/s,,2715.394999887533,Español,Normal,False,93.39461574354917,4.818079515618672
54 mph,,2130.6507758782905,Español,Normal,False,109.2569871250153,5.264850187543457
102 km/h,,3328.031720432126,Español,Normal,False,105.72247431003653,3.5017250599208714
54 mph,,3170.8960705315067,Español,Normal,False,72.4123340565417,3.3227191219582894
95.9 km/h,,3553.77434312509,Español,Normal,False,78.6872066834184,3.9294405246232005
56.8 mph,,3566.1892374058125,Español,Normal,False,107.04728960431287,5.517370974296446
47 mph,,3344.851317718434,Español,Normal,False,100.65573214656747,4.6867392670400445
73.8 km/h,Casado,3016.999214122148,Español,Normal,False,74.70583489964301,5.525646812764823
10 m/s,,2620.7910590930655,Español,Normal,False,103.63109296601736,4.440385837319661
44.2 mph,Soltero,2943.013717994385,Español,Normal,False,120.81605708706613,5.778228383537921
88 km/h,,2197.880715723365,Español,Normal,False,76.13753448511369,4.806293222555477
52.5 mph,,3103.3467064000833,Español,Daniel,True,101.80064647387704,6.137340999345234
44.6 mph,,3734.454333024898,Español,Normal,False,106.13428362724038,5.934393453251936
71 mph,,2487.4260882577273,Español,Normal,False,99.1895025212027,4.376998192599348
68.3 mph,,3055.7126986787107,Español,Normal,False,95.1360231733988,6.211511106410521
58.4 mph,,3014.7139215979055,Español,Normal,False,94.48491693598395,3.954732455471822
71.5 km/h,,2949.5430174709836,Español,Normal,False,103.28558949927564,4.386188165901467
26 m/s,,2944.7965341948975,Español,Normal,False,91.27918219134304,5.791818959136663
32.7 m/s,,3085.51774947042,Español,Normal,False,88.90043910611001,5.149098105992489
63.2 km/h,,2899.552466420921,Español,Normal,False,103.73360503067804,4.060161578996883
28 m/s,,3185.1241095185205,Español,Normal,False,74.91708715362068,6.2947745842254585
55 mph,Casado,2929.893777688936,Español,Daniel,True,101.89994589917569,5.162745469248072
73.1 km/h,,3041.245422913681,Español,Normal,False,105.43228683486308,5.822501366142281
53.7 mph,,3715.3282434004605,Español,Daniel,True,113.03121324272965,6.718052777424043
12 m/s,Viudo,2519.03008672955,Español,Normal,False,99.17593806969498,4.998557371158348
39 mph,Casado,2359.190089095469,Español,Normal,False,99.70821379087704,4.528705536042193
54 mph,,1857.2793727261064,Español,Normal,False,86.53448357997495,3.8470208860981447
62.0 mph,,3681.1967243062622,Español,Normal,False,102.24769133533702,6.11281692156737
34.3 mph,,3061.512187084916,Español,Normal,False,134.552004974287,4.661405123394255
96.6 km/h,Divorciado,3048.778399308248,Español,Normal,False,121.26216522011995,5.234834405161066
47 mph,,3082.0939837666597,Español,Normal,False,101.59205094143915,5.4448605799560355
30 mph,,2782.0280316827375,Español,Normal,False,84.26378340241324,4.338067163214139
49.7 mph,,3103.7138381542077,Español,Normal,False,123.26933647476835,4.843639903364179
25.9 mph,,2213.102769091871,Español,Normal,False,105.99187156174916,5.803678127111206
51 km/h,,3337.8773948426265,Español,Normal,False,100.06007775144029,5.155376907185214
93 km/h,,3530.57369106783,Español,Normal,False,98.23692308678912,5.4221358273429185
107.7 km/h,,2933.5691315908493,Español,Normal,False,114.03463941183462,4.604046932478695
24.7 m/s,,2513.785570375234,Español,Normal,False,104.30351776801446,4.853106081650033
48.1 mph,,2823.401420331707,Español,Normal,False,91.68620428591365,6.090648648974961
29 mph,,2482.1575352592677,Español,Normal,False,116.9642561704212,4.552637298410719
77 km/h,,2771.4820577840346,Español,Normal,False,95.852652325237,7.0146742459075835
22 m/s,,2868.9983406894203,Español,Normal,False,108.11539017315201,6.434798597116239
98.8 km/h,Viudo,2711.504458732731,Español,Normal,True,91.21611416828082,4.051336085688423
100 km/h,,3001.801300697001,Español,Normal,False,96.38455286963716,4.5763971244776975
78 km/h,,3364.35434320104,Español,Normal,False,99.36513639565713,3.325856618215245
29 m/s,,2517.564215220948,Español,Normal,False,92.09897445450181,4.322764387280925
20 m/s,,3485.9443352691096,Español,Normal,False,108.95608598820345,4.270872699299427
20 m/s,,2142.678830987876,Español,Normal,False,104.37236179131777,5.9672527406715865
33 mph,,2912.190285900959,Español,Normal,False,94.82505748759316,4.880383388931737
61.9 mph,,2833.889616740127,Español,Normal,False,99.3264144315744,5.924878225411906
26.0 m/s,,3074.3116570335633,Español,Daniel,True,117.8856613359278,3.857170862757479
72 mph,,2661.3290195957247,Español,Normal,False,95.01182993133399,6.234019993164308
100.3 km/h,,2949.8997763904695,Español,Normal,False,109.41545074773609,4.167489232855202
67 km/h,,2653.4262811841845,Español,Normal,False,102.62485795039399,4.191839402447634
70.4 mph,,2996.4569517670357,Español,Normal,False,94.70068554473454,5.2150051884211726
66.9 mph,,2481.125755267723,Español,Normal,False,120.08822133035804,3.5252722476156126
21 m/s,,3671.2807491038784,Español,Normal,False,82.70584615810438,5.829876935913649
49 mph,,2762.6043180813263,Español,Normal,False,104.53249872798571,5.275219984866946
54.5 mph,,2958.7314967621087,Español,Normal,False,103.21585649807943,4.563698773241564
18.0 m/s,,2909.3409330418885,Español,Normal,False,98.59766868853723,4.977551041384807
87 km/h,,2390.978702841069,Español,Normal,False,80.75812549698219,4.258614718678595
86 km/h,,3251.443965653467,Español,Normal,False,94.94188368726908,3.04663345336485
107 km/h,Soltero,2940.424636357495,Español,Normal,False,66.30406595040814,4.751070086889753
51.2 km/h,,3463.52616285512,Español,Normal,False,80.56211760110696,5.608676375663753
67.3 km/h,,2817.770314379765,Español,Normal,True,130.28825303617484,4.56944447104725
76.6 km/h,,2775.989546618071,Español,Normal,False,91.13795189638597,4.911949199669699
66 mph,Casado,2795.177379113609,Español,Normal,False,110.9250721043704,4.185793550993081
25 m/s,,3246.6867550321504,Español,Normal,False,105.75363401069852,5.9574317625340845
70 km/h,,2899.864850108925,Español,Normal,False,80.00887001248664,5.76203501904299
25 m/s,,2663.983963790753,Español,Normal,False,112.83512663780515,5.834205481784681
30.6 mph,,2763.4776109442323,Español,Normal,False,115.22944970781803,5.812317222120447
19.5 m/s,,3603.452249601741,Español,Daniel,True,84.88199351407329,4.082384603336291
14.0 m/s,,3056.8349190488607,Español,Normal,False,106.06007595156271,4.580088139617972
28 mph,,2131.5356811893007,Español,Normal,False,106.29462139974609,4.6417601984227375
26.4 m/s,Casado,1916.8711892454612,Español,Normal,False,102.54844199904745,5.08802837405457
85.0 km/h,Soltero,2683.8049844750262,Español,Normal,False,100.5567894090682,6.457793439866393
33.5 m/s,,3289.896481907373,Español,Normal,False,118.76892315897273,6.042822300213954
28.8 m/s,,2767.2684324051847,Español,Normal,False,103.00158919364416,5.163345360695069
60 mph,Soltero,3025.5968502438245,Español,Normal,False,104.57607280080337,5.951325562374227
29 m/s,,3265.7316997519965,Español,Normal,False,127.85371238475955,6.681384327491066
19.5 m/s,,3131.8447201423655,Español,Daniel,True,112.01778165630441,4.598577850286961
24 m/s,,2624.318261929595,Español,Normal,False,93.89785820606797,4.560031640298568
20 m/s,,3524.627248051003,Español,Normal,False,103.94478486401847,3.3923884916752884
30 m/s,,3032.6358801974093,Español,Normal,False,103.78992754029682,5.152119524610962
32 m/s,,2839.062002368238,Español,Normal,False,96.96056400046771,7.331325537649175
87 km/h,,2678.5662426361177,Español,Normal,False,99.78022057140524,5.365343404468948
17.1 m/s,,3061.1121713331204,Español,Normal,False,108.1841591430741,5.4955870944262175
54 mph,,2574.357696294318,Español,Normal,False,103.25604646848734,5.437397277965021
65.9 km/h,,3030.4547631417154,Español,Normal,False,113.1488696869813,5.925077015173699
20.5 m/s,,3342.031694229481,Español,Normal,False,101.04130986328923,4.333995641755527
44 mph,,2268.1679267269365,Español,Normal,False,94.32893037885489,4.391108030588715
43 mph,,2824.802213611483,Español,Normal,False,102.77559040301071,6.189446573691495
21 m/s,Viudo,3404.6653791475396,Español,Normal,False,131.97883977158978,6.3475805332408735
25 m/s,,2877.648991234316,Español,Normal,False,100.03162504387562,4.313762636901702
66.8 mph,,2747.5812120637406,Español,Normal,False,107.29038867280258,5.320860486115844
22.2 m/s,,2858.2561753013906,Español,Daniel,True,100.93853515300844,5.3434917061665725
51 mph,,2178.9443281154936,Español,Normal,False,83.30883141445676,4.823495720795713
15 m/s,,3875.2813760616914,Español,Normal,False,110.9671346858123,4.686316784460407
25 m/s,Viudo,3089.017853496974,Español,Normal,False,79.54080544884836,3.1149445684301864
77 mph,,2690.0129901612113,Español,Normal,False,84.6410229488586,3.159946849282944
66 mph,,2970.579594488369,Español,Normal,False,97.69507335523116,4.577136074643283
68 mph,,3358.114224998686,Español,Normal,False,114.3569498690618,3.5901243841226123
20 m/s,,3217.984782121014,Español,Normal,False,113.5440274220102,6.662245299712325
86 km/h,,2885.543665977007,Español,Normal,False,132.47026523051022,3.7597670746525456
82 km/h,,2834.329082003864,Español,Normal,False,66.81583550091835,7.358964710841633
128.4 km/h,,2676.206860795617,Español,Normal,True,118.31193537053842,4.53768494873068
63 mph,,3144.5901891105955,Español,Normal,False,92.97715379007553,3.473897955895247
73 km/h,,2543.497403117214,Español,Normal,False,85.63125648563988,4.321718031011051
106 km/h,,3022.7385190667833,Español,Normal,True,108.18186982095848,4.456327295562772
22 m/s,,3007.7820846536547,Español,Normal,False,88.75677608191707,5.5627389184759615
67.5 mph,,2764.0092177229385,Español,Normal,False,134.29786001426083,4.682499995973627
61.7 mph,,2989.3869749973496,Español,Normal,True,91.56708643992172,5.677649307595744
31.9 m/s,,3123.364386702774,Español,Normal,False,111.9513332719441,3.885489278264872
33 m/s,,3150.815731831711,Español,Daniel,True,91.78233173015565,4.320625932716447
69 mph,Viudo,3472.095108711898,Español,Normal,False,122.63276919091132,4.548534167280592
53.5 mph,,2673.903130747883,Español,Normal,False,106.12784740673641,4.643024306953107
29 m/s,,3312.6162239966243,Español,Normal,False,126.67932942634373,4.377031892836633
18 m/s,,3069.4443551184886,Español,Normal,False,73.75055555285651,6.100636452377879
69 km/h,,2835.3832663013727,Español,Normal,False,89.94287434288145,4.335510625358896
24 m/s,,2617.6097884898663,Español,Daniel,True,113.71235661814555,6.101981123214868
37.5 km/h,,3558.530470253076,Español,Normal,False,106.22510866204367,5.034008699951573
56 mph,,2622.438786930395,Español,Normal,False,115.16845549588089,3.721172748427799
18 m/s,,3149.957693663071,Español,Normal,False,88.12902808940949,5.916854537083661
12.0 m/s,,3542.8829417408947,Español,Normal,False,103.31011814826543,5.150549807899504
11 km/h,,2718.147529589026,Español,Normal,False,82.90943741699365,5.745171196231779
66 mph,,3001.092060277932,Español,Normal,False,96.84608438292322,5.892743264994718
21 m/s,,2683.0158459952872,Español,Normal,False,110.05437299542369,3.8704383515438954
103 km/h,Divorciado,3254.0725202565177,Español,Normal,False,88.93254463099599,3.7069131580770307
14.1 m/s,,2963.7282940227065,Español,Normal,False,110.4317953475539,6.074472455327468
57 km/h,,3283.2470529480374,Español,Normal,False,102.80245522832493,3.901192206614528
55 mph,,2915.666486868617,Español,Normal,False,101.87403183585089,3.064098088916261
27.7 m/s,,2996.2600503310946,Español,Normal,False,104.5460519856204,6.091986524792513
29 m/s,,3693.560218330623,Español,Normal,True,107.72634108834933,6.492484361809673
64 km/h,,2764.060153339615,Español,Daniel,True,78.9565257487495,5.136813849725937
110.4 km/h,,10278.341048695644,Español,Normal,False,120.81758575102359,3.3843738578848255
26.1 m/s,Casado,3447.0460428295623,Español,Normal,False,91.29944099921501,3.774441507978593
49.5 mph,,2847.22847899034,Español,Normal,False,78.21028333242764,2.7152730736622743
107.8 km/h,,8333.011768016495,Español,Normal,False,75.63454525802105,3.942818100870907
53 mph,,3231.9599851784237,Español,Normal,False,117.83704925310536,3.3151241794744113
25 m/s,,3153.5907441312893,Español,Daniel,True,99.8637560669613,3.893325051799761
23 m/s,Soltero,3212.9773645443975,Español,Normal,False,81.80941873250775,4.033034952403047
13 m/s,,3710.6764545974133,Español,Normal,False,81.08892211035084,3.8515823968817315
87.8 km/h,,2589.4237284847777,Español,Normal,False,88.72412477863713,4.73960385797694
28 m/s,Viudo,3547.4522207004916,Español,Normal,False,144.20843792979576,4.856850464816851
110 km/h,,2592.9725907399225,Español,Normal,False,89.98640122606446,4.674678184125084
112 km/h,,3101.739827746956,Español,Normal,False,132.58971700953978,5.339366244242963
48.7 km/h,,2705.610852390384,Español,Normal,False,114.54846999972361,4.54157217077154
70 km/h,Viudo,3147.969288113941,Español,Normal,False,98.92274162952667,5.072676907230726
67.7 km/h,,2975.197819722305,Español,Normal,False,81.0789523147553,6.8374603666481235
59.3 km/h,,3233.639496082111,Español,Normal,False,120.5042226843875,5.880533922207613
87.4 km/h,,3365.7044651454717,Español,Normal,False,75.49092274870826,5.035610905779907
25 m/s,,2410.429935214696,Español,Normal,False,119.80254185638721,5.6435375483108885
90 km/h,,2692.265615609667,Español,Normal,False,72.19207780125421,5.607107273185532
24 m/s,,2734.363932005837,Español,Normal,False,103.87790502747022,6.505053066227807
89 km/h,,2582.3740440600927,Español,Normal,False,112.57946815990167,4.741753917987837
20.9 m/s,,3001.779942854911,Español,Daniel,True,130.95543040639558,6.420152250492594
94 km/h,Divorciado,2444.5730847512036,Español,Normal,False,106.0567796049733,5.10951698190198
84 km/h,,2370.8807281912077,Español,Normal,False,93.0433589787242,6.033114682429773
72.5 km/h,,3312.9682663274484,Español,Normal,False,90.79240615058701,4.4925877798134195
50 mph,,2624.1237103024823,Español,Normal,False,101.69385571958495,5.557081464785235
81.5 km/h,,3136.8432499980627,Español,Normal,False,106.99592760695448,5.576657794320431
13 m/s,,3105.4965201100604,Español,Normal,False,94.45314451278074,4.846125856734595
96.4 km/h,,2830.2862707932627,Español,Normal,False,88.1286513268202,4.224194231959934
53.4 mph,,3026.377032587103,Español,Normal,False,133.4651416603564,4.114035109310543
91.8 km/h,Viudo,2776.031478516925,Español,Daniel,False,119.29893431332005,7.7079101279579625
22 m/s,Viudo,3419.414189704819,Español,Normal,True,89.99612996631366,4.903033272424621
8.5 m/s,,3512.2135540865725,Español,Normal,False,98.58324114227617,4.97957532604836
62.1 mph,,3448.0819632157577,Español,Normal,False,100.65225481757759,6.2020263427927205
26.1 m/s,,2728.5721056879925,Español,Normal,False,125.53896207576972,6.386275437169924
27.6 m/s,,3691.9512461543354,Español,Normal,False,129.09847503416415,4.446785271730391
105 km/h,,2672.706452526584,Español,Normal,False,101.27684621997405,4.588813409210492
24.5 m/s,,3262.3834991223753,Español,Normal,False,80.5782708599985,3.730059265768129
70 km/h,,2396.1224929637847,Español,Normal,False,111.23000537043333,5.74240840716942
55 km/h,Casado,2835.087476915185,Español,Daniel,True,97.13810005288907,5.65377485198962
92 km/h,,2800.768118583513,Español,Daniel,True,90.39309240449747,6.811954122869695
40 mph,,3480.6685113907383,Español,Normal,False,76.97958525367477,5.324247704650145
29.5 m/s,,2466.0056522550112,Español,Normal,False,88.90605809542623,5.223214755102267
61 mph,,3110.620617219678,Español,Normal,False,108.17404965327349,6.4830957125063655
18.5 m/s,,3143.4697543125426,Español,Daniel,True,88.47093960788618,5.424644320746779
16 m/s,,2993.82347988907,Español,Normal,False,91.68854365117102,4.532608682575445
30.4 m/s,,2623.728909645681,Español,Normal,False,120.53714091539234,4.46687555339899
25 m/s,,3144.313971729753,Español,Normal,False,86.62303964902388,4.498903088564434
46 mph,Soltero,2740.550847756354,Español,Normal,False,103.43439152781195,3.3010839868005197
29 mph,,2694.2585103163274,Español,Normal,True,108.90189748124472,5.056652806190566
66.2 km/h,,3625.7807978605274,Español,Normal,False,104.1672893866399,5.220989790768262
73.5 km/h,,2687.914121185649,Español,Normal,False,99.77737906740607,3.9312807011093835
62.4 mph,,3114.509581614056,Español,Normal,False,110.7006439376917,4.589738196826674
27 m/s,,3211.0520132280844,Español,Normal,False,113.30640549449812,5.389618477490936
76.4 km/h,,2357.825918830581,Español,Normal,True,107.63724850905423,4.974726996314863
100 km/h,,2870.194008282905,Español,Normal,False,110.30851679163474,4.499696937421865
65 km/h,Divorciado,2744.5719529844473,Español,Normal,True,109.42236015176054,5.5554573192081245
25 m/s,,3067.4668456660506,Español,Normal,False,85.15876707331634,4.828860675307349
24.1 m/s,,3004.0503101362265,Español,Normal,False,93.38866434936402,4.691764518179812
57.3 mph,,3333.997906697483,Español,Normal,False,101.84980868257566,4.465782500408976
107 km/h,,2724.153204480652,Español,Normal,False,101.01958244844216,5.16881644470279
31 m/s,,3306.807974835373,Español,Normal,False,78.74477480776997,4.447123846293768
32.6 m/s,,2152.9366017414827,Español,Normal,False,114.5926117839758,4.622417142801861
80 km/h,,3329.0038185969415,Español,Normal,False,80.86204779208589,7.476201208663707
49 mph,,3091.5927847695552,Español,Normal,False,90.76657980602185,4.283754659024973
49 mph,,3275.6698431717773,Español,Normal,False,89.31578752743214,6.013206603803663
13 m/s,,2636.9286269795093,Español,Normal,False,73.9083040860268,4.481308113109039
45 mph,,3336.8119424551014,Español,Normal,False,113.51912778323813,5.69472793255235
20.5 m/s,,2699.629655734413,Español,Normal,False,91.33506465827126,5.434391646484135
25 m/s,Casado,3225.5640864854468,Español,Normal,False,82.20236921825433,5.992029419319735
26 m/s,,2414.8192070916507,Español,Normal,False,101.8014331793229,3.7378555999386656
34.5 m/s,,3633.8735333605396,Español,Normal,False,106.4788401005784,5.660943672812348
74 km/h,,3401.6175272086793,Español,Normal,False,106.4990691491271,4.934025828423103
34.6 m/s,,3386.3845799579412,Español,Normal,False,102.87611123825424,5.969246117966985
24 mph,,2675.3078205341753,Español,Normal,True,93.57937439974019,4.54987838634012
31.7 m/s,,2919.4596532888277,Español,Normal,False,81.67917899190459,3.435821891785884
111 km/h,,3156.1484229184703,Español,Normal,False,105.71111867859047,5.078662066398975
25.5 m/s,,2775.299749360782,Español,Normal,False,83.20709082378319,6.324008393226172
54.9 km/h,Soltero,2724.7524433092394,Español,Normal,False,88.8271312967931,4.27867268940595
77 km/h,,2508.548747763946,Español,Normal,False,102.84211128029847,5.8119047919205435
82 mph,,2551.8962318254667,Español,Normal,False,110.10040023469902,5.885672588588884
106.1 km/h,,3235.2943680466924,Español,Normal,False,91.23890413737959,5.238745762134886
32 mph,,2947.5528705485876,Español,Daniel,False,97.35991025927558,5.66781564315906
36.7 mph,Divorciado,2848.9765710958504,Español,Normal,True,87.51941820297483,6.237922734618998
115.0 km/h,,3013.5440176096727,Español,Normal,False,88.99212439471475,3.003517828590388
11.6 m/s,Casado,2828.7826972166035,Español,Normal,False,123.74059097783845,5.953249720398921
48 mph,,3610.914336451334,Español,Normal,False,108.1595110243161,6.539600988636564
41 km/h,,2658.927535114468,Español,Normal,False,127.2463382854452,4.72587092674206
37.9 mph,,3675.8612842155085,Español,Normal,False,71.93388601979937,4.544153057616597
9.8 m/s,,2991.67959874325,Español,Normal,False,58.3381284079831,4.366362598155227
57 mph,,2505.023168855922,Español,Normal,False,115.2980536868627,5.001908244707444
56.3 mph,,3525.4810393380412,Español,Normal,False,89.4509728755679,4.823175547745976
67 mph,,2929.7088853460154,Español,Normal,False,81.82193160367514,3.6995785097849065
65.9 mph,,3587.0468195539315,Español,Normal,False,103.01369434096064,6.439911156724819
23.2 m/s,,3497.137192158034,Español,Normal,False,126.80427337904825,4.956254699401001
21 m/s,,3082.681712196468,Español,Normal,False,100.1329810792645,5.961744044880519
92 km/h,,3503.2790050680837,Español,Normal,False,122.42295305207273,5.928406516745574
28 mph,,3349.445641593964,Español,Normal,False,102.04498152598158,5.3337358551403105
76.1 km/h,,2983.904930253971,Español,Normal,False,110.47470117861076,4.488832150969241
50 mph,Soltero,3305.9730717844477,Español,Normal,False,94.0792633852404,4.41851540696988
68.1 mph,,2629.6774343195298,Español,Normal,False,70.1712477387002,4.1498324120213566
24.8 m/s,Soltero,3012.364010669455,Español,Normal,False,85.06148955871538,5.270950521050852
57 mph,Viudo,3225.4596282907078,Español,Normal,False,89.67652852614133,4.569318612922245
25 mph,,2725.8401635315627,Español,Daniel,True,122.56492465391374,5.518303577746169
57 mph,,3293.3615387128457,Español,Normal,False,108.3089381491947,3.1710601020570275
63.9 mph,,3363.3048217385235,Español,Daniel,True,81.46090073059291,5.3852958489046445
22 m/s,,3027.8220659189737,Español,Normal,False,97.10609217800902,4.829331334453746
113.0 km/h,,2441.011523394586,Español,Normal,False,112.01473504230151,4.5523208466884455
29 m/s,,2581.926785678057,Español,Normal,False,93.95812490393698,3.242140026711087
18.8 m/s,,2202.4732825556957,Español,Normal,False,104.07523243241552,6.122654479751572
27.8 mph,,2251.1459480833337,Español,Normal,False,94.17467961884985,4.571976810759284
27 m/s,,3636.1471081411833,Español,Normal,False,90.68679855906456,3.1583439109763596
24.5 m/s,,3375.4063794338217,Español,Normal,False,113.10353395421627,6.393780205647619
25 m/s,,3268.885831811854,Español,Normal,False,83.24344574461618,4.852918701894779
55 mph,,2477.3250643365473,Español,Normal,True,99.39356848076405,4.1668938289369875
33.6 m/s,,2791.4727028641596,Español,Normal,False,99.99987690614843,6.149553025188309
23 m/s,Viudo,2674.851963967212,Español,Normal,False,111.79800934129005,5.524190053892822
88 km/h,Casado,2636.7705621012133,Español,Normal,False,87.47876712156864,3.9734381641596754
66.7 km/h,,2833.3681635493035,Español,Normal,False,100.39998598371416,5.631116699765682
27.5 m/s,,2474.0323784796688,Español,Normal,False,86.98562405181536,3.589720265103899
19 m/s,,3047.966016250088,Español,Normal,False,118.97896449048483,4.744989046944605
97 km/h,,3203.9517833145314,Español,Normal,False,117.09274180802956,6.127184711358529
43.6 mph,,2736.3107687396828,Español,Normal,False,106.62332843372361,6.569861894106378
86.2 km/h,Divorciado,3260.2660694329657,Español,Normal,False,106.85183340088379,4.462292772000821
53 mph,,2492.746688641539,Español,Normal,False,89.40248256034214,6.5925493748226724
51 mph,,2551.118762043465,Español,Normal,False,114.83315167058801,5.310105212601426
46 mph,,2472.488918316511,Español,Normal,False,114.43046576058737,5.34507981941832
50.3 mph,Divorciado,2880.931875166413,Español,Normal,False,88.40047200262282,4.279624839467808
72 km/h,,3120.9983230470825,Español,Normal,False,82.12685668339553,5.8957552753919815
71.4 km/h,,2979.343426868386,Español,Normal,False,87.25233140530307,5.197792851040681
24 m/s,Soltero,2547.4298766344496,Español,Normal,False,111.81162379452257,5.388063702449042
17.4 m/s,,3246.8547026202828,Español,Normal,False,93.27995359863509,4.510513392652372
21.6 m/s,,2954.350647973937,Español,Normal,False,107.48019246489804,4.476945357857277
82.3 km/h,,2527.277837869563,Español,Normal,False,94.15204305993932,3.405583080465923
17.6 m/s,,2884.9508246841374,Español,Normal,False,122.44751739777638,5.843177945160902
83 km/h,Divorciado,2751.5948101126733,Español,Normal,False,88.0258527788269,4.952237592910682
43 mph,Casado,3294.7172446774703,Español,Normal,False,128.45029943189923,5.449052169567215
38.7 mph,,2587.5961987282635,Español,Normal,False,91.13005345705275,5.724453351868629
63 km/h,,3131.4369699333997,Español,Normal,False,84.07547653117747,3.833848240886924
28.1 m/s,Casado,2685.0411196842333,Español,Normal,False,129.89781364695347,3.8572975372023697
58.2 km/h,,2828.7408582079593,Español,Normal,False,86.0855547955596,5.714610775508054
58 mph,,3086.2916311553777,Español,Normal,False,89.91172866530604,5.497240413460618
45.0 km/h,,2548.194848323006,Español,Daniel,True,102.3267703180555,5.51054290732133
82 km/h,,2812.0465385045795,Español,Daniel,True,100.79093381153709,3.795646588951299
24 m/s,,2607.7093012736977,Español,Normal,False,94.60232053904365,6.588666094913031
36 m/s,,3232.404226592177,Español,Normal,False,89.54048375402989,5.8834706722718515
15 m/s,Soltero,3246.6326918699583,Español,Daniel,True,124.11618093212415,5.773857477301794
37.1 mph,,3553.0878406255983,Español,Daniel,True,98.01061853125303,3.739750786397088
77 km/h,,3149.226061123012,Español,Normal,False,107.67256154744673,4.5042459715783565
60 mph,,3510.1025772042935,Español,Normal,False,103.73320699554075,5.75761974275456
13 m/s,,2929.546878196464,Español,Normal,False,94.63569609554612,3.6368532888155327
61 mph,,3350.5743231283996,Español,Normal,False,112.83730907306123,3.9592745813593426
20 mph,,2950.7353657022813,Español,Daniel,True,97.62855341899129,4.575549704934165
60 mph,,2354.578990978464,Español,Normal,False,126.51297606146979,4.100561987703963
58.2 mph,,2595.573653914548,Español,Normal,False,92.31592781962232,3.6582918828955995
55.4 km/h,,2928.4064352222445,Español,Normal,False,103.71389140614664,4.71945952719193
72 km/h,Soltero,3066.6381648051915,Español,Normal,False,90.37198218004085,4.353250038198616
40 mph,,3048.4843122424195,Español,Normal,False,104.9909446651447,7.330086463795297
45.3 mph,,2463.661903496754,Español,Normal,False,67.94748224778198,4.72302133212836
17.0 m/s,Viudo,2339.4304769463643,Español,Normal,False,116.76741986921257,6.790865294539681
23.1 m/s,,2194.1921487225404,Español,Normal,False,98.59977635820849,6.3723867049464795
31.2 m/s,,2917.276939664633,Español,Normal,False,94.01667049557533,6.329205584936615
71 mph,Viudo,3083.4935283933855,Español,Normal,False,100.04212020592485,5.069399267259224
23 m/s,,2082.2778313693634,Español,Normal,False,66.92502810909454,5.0523191743576215
27.9 m/s,,3159.8932472590377,Español,Normal,False,119.84745610671284,5.239847975137559
45 mph,,2534.382659046753,Español,Normal,False,71.2872804853242,5.114620784553658
61.4 km/h,,2776.4787695069476,Español,Normal,False,102.33295581600125,4.178747980924406
20 m/s,,3847.0045470225486,Español,Normal,False,102.17074132860512,4.415722800491633
18.9 m/s,,3452.4831115804136,Español,Normal,False,98.90187700363443,7.579304819803463
37 mph,Viudo,2710.4648107250114,Español,Normal,False,107.76109730225585,5.069365859198426
83 km/h,,2615.5427389669235,Español,Normal,False,100.7567620089604,4.399412851877534
46 mph,,3559.049329447103,Español,Normal,False,131.96682284063291,3.7212305246162263
14 m/s,Casado,3007.8317427996417,Español,Normal,False,72.49600045914032,4.321165096602206
82 km/h,,3094.598422761684,Español,Normal,False,92.62136259181092,6.000051899220537
58 mph,,3137.8673540465215,Español,Normal,False,92.94673617380371,5.597508288994711
95 km/h,,3190.2552583333604,Español,Normal,False,99.85115613917742,7.333007000466836
36 km/h,,2866.953407540625,Español,Daniel,False,92.18501756891696,5.545697472460409
25.7 m/s,,3064.382393166704,Español,Normal,False,117.09576949880758,4.195231665123704
21 m/s,,2634.753145511913,Español,Normal,True,111.76311668439888,3.739303010975477
50 mph,,2695.7640060768335,Español,Normal,False,91.92396101647539,4.033600306096872
19 m/s,,3035.134966514288,Español,Normal,False,101.94202343058518,4.0914310862467005
54.3 mph,,2971.754909762657,Español,Normal,False,93.25703157943971,5.33523452502301
55.3 mph,,2199.324955206095,Español,Normal,False,103.81951413445486,6.49509013455457
19 m/s,,3475.9863883562302,Español,Normal,False,78.88617720911958,4.203027675235781
12 m/s,,2549.3047522073853,Español,Normal,False,90.36963887959796,4.916250025521133
18.4 m/s,Soltero,2888.3187755457684,Español,Normal,False,84.95376115894072,3.737366295998367
105.8 km/h,,2827.7032090203566,Español,Normal,False,99.38946094642839,5.03903401345184
46.6 mph,Soltero,3618.3522022022776,Español,Normal,False,107.74333413781999,4.316895644520552
48.6 mph,Divorciado,2590.3070442402586,Español,Normal,False,87.62681599237385,5.4721916219429385
23 m/s,,3126.262144298016,Español,Normal,False,92.50593451241575,4.945289249539656
31 m/s,,2965.7804306898333,Español,Normal,False,84.0002089037073,5.306798937798427
44 mph,,2728.5376792468687,Español,Normal,False,101.7638319772662,4.950741595035188
49 mph,,2521.9750764471437,Español,Normal,False,100.11721982167026,5.371066172118978
69 mph,Divorciado,3262.5608947817163,Español,Normal,False,88.29137377928625,4.7633548436369075
45 mph,,3229.3616266021704,Español,Normal,True,81.84688056678452,3.997070638272456
57 mph,,2374.589556741548,Español,Normal,False,112.52075574313997,4.30765182878516
60.2 mph,,2784.0977165536,Español,Normal,False,100.5419065153788,4.318417362464199
48 mph,,2634.991959483248,Español,Daniel,True,87.073457645211,4.377302354380001
62.7 mph,Divorciado,3228.7659713154862,Español,Normal,False,103.06597654499566,4.308072666414846
47 mph,,3699.663681013011,Español,Normal,False,108.73840008140783,3.7777192931564656
71.7 km/h,,3002.2927736396928,Español,Normal,False,93.10414805725998,4.505947777488017
31 m/s,,2825.4939502300535,Español,Normal,False,88.57143123767074,4.2713276644146685
28 m/s,,3231.4515120105907,Español,Normal,False,88.18997969750207,5.308569661165498
27 m/s,,3531.924270250861,Español,Normal,False,95.32192045773384,3.3072643507720354
54 mph,,3337.4477203899764,Español,Normal,False,108.0088214170273,5.440997679956052
97 km/h,,2876.219677073801,Español,Normal,False,96.58276732588624,4.498122267593542
44 km/h,,2466.664206770395,Español,Normal,False,88.42862358249144,4.734637789743065
14 m/s,,2829.378116427277,Español,Normal,False,82.34065664215791,4.490314481916421
64.0 mph,,3329.371348414418,Español,Normal,False,116.21679209210032,5.955723919942498
25 m/s,,3106.170363493142,Español,Normal,False,131.4011902261636,4.596382187509013
59 mph,Casado,2709.548482100138,Español,Normal,False,87.92785862156455,4.480009420877999
90 km/h,,3081.088634967664,Español,Normal,False,109.83963285024616,5.584981420894426
88 km/h,,3366.6414516812556,Español,Normal,False,89.24584900821732,4.214593661248482
62 km/h,,2802.8904473378243,Español,Daniel,True,111.37231513021271,5.411480082869479
18 m/s,,3666.481851708293,Español,Normal,False,73.40082942349538,4.662363029667098
75.2 km/h,Viudo,3056.769414215121,Español,Normal,False,129.71440409059707,2.6554096393486395
23 m/s,Soltero,2662.651457145243,Español,Normal,False,91.22930097667361,4.336809667138914
16.2 m/s,,3012.816686202857,Español,Daniel,True,89.30495398121684,4.256495666107145
50 mph,,2961.212188696466,Español,Normal,False,113.91659833659236,5.2111836711160135
81 km/h,,2892.9595473274617,Español,Normal,False,101.80509308407218,4.191409383597044
73 km/h,,2850.678578392661,Español,Normal,False,91.7559384718452,4.695583189607417
57 km/h,,2676.436529081266,Español,Daniel,True,98.1151982903624,4.161177370078974
20.1 m/s,,2918.4553210435715,Español,Normal,False,113.24298501149445,4.266121623182424
39.1 mph,,3043.401490779708,Español,Daniel,True,88.02492147383278,5.353363692253441
20.1 m/s,,3179.689037686711,Español,Normal,False,98.29900564490322,5.0143698369886325
24.4 m/s,,3466.4913556146475,Español,Normal,False,103.89495597607535,6.005329364517561
57 km/h,,3050.826640535081,Español,Normal,False,113.8299138275421,6.785115754017136
9 m/s,,2653.1598745187493,Español,Normal,False,86.17163595863336,5.038821340119673
60.9 mph,,2251.8348936827133,Español,Normal,False,111.13992343002535,4.113022352035857
46 mph,Soltero,3000.055428806266,Español,Normal,False,106.03444153638218,4.001299493068472
42.6 mph,,3410.758112525991,Español,Normal,False,106.28556163019458,6.179403082336918
18 m/s,,2676.2835161689513,Español,Normal,False,111.50798589876673,6.298746318044804
23.1 m/s,,2794.2406929438785,Español,Normal,False,90.04409714722844,4.029994113610558
17.7 m/s,,2828.2038668178084,Español,Normal,False,122.48892707343578,5.952619536472442
21.7 m/s,,2673.293752668388,Español,Normal,False,117.71916126269609,5.5996969681513304
25.2 m/s,,3095.391991824824,Español,Normal,False,95.29764211844778,4.666851237831525
16.4 m/s,,3117.205796845636,Español,Normal,False,107.4871163647704,3.604245244205113
88 km/h,,2892.7445998631038,Español,Normal,False,97.01925975861313,6.050208344773849
48.5 mph,,2759.500695877114,Español,Normal,False,138.46220249428998,4.747115357205794
23 m/s,,2559.955220069341,Español,Normal,False,101.29951055391594,6.396824391198038
38.3 km/h,,2933.1511518519465,Español,Normal,False,83.41245357497323,4.479293777340904
68.9 mph,,3211.974523420921,Español,Normal,False,90.62045100216412,5.95591621041024
15 m/s,,3459.77622773886,Español,Normal,False,101.40186211518885,5.641937953761119
53.1 mph,,2840.308709778498,Español,Normal,False,91.76942524024385,6.364216924519448
39 mph,,3367.5059382273394,Español,Normal,False,126.61545019059605,5.424343215580675
52.3 mph,,2500.1691625268268,Español,Normal,False,116.77103317744674,5.017839972834774
57 mph,,3237.132669138101,Español,Normal,False,95.02982742974977,5.85989455178433
56 mph,,2243.7805067072386,Español,Normal,False,108.84074698090281,4.465051695330969
17.7 m/s,,2954.11264449869,Español,Normal,False,76.77878048247678,3.2032154536564708
84 km/h,,3485.7612381338613,Español,Normal,False,95.79563809928132,5.915707761769441
46 km/h,,3334.1166919031557,Español,Normal,False,108.4097756316969,5.3419881657719035
33 mph,,2607.440251049133,Español,Normal,True,107.75267242953126,4.615878429209408
15.3 m/s,,2758.4901827349463,Español,Daniel,True,97.99390186293857,4.566239705452437
75.7 km/h,,2666.7807614820395,Español,Normal,False,98.23052131582367,5.701664305489608
22.2 m/s,Soltero,3322.741535720239,Español,Normal,False,123.91484686002488,4.466804598634212
24 m/s,,3046.655050730098,Español,Normal,False,112.47146513504354,2.273099471185374
17 m/s,,3118.659035677134,Español,Normal,False,139.10008217808073,4.570147555691391
98 km/h,,3607.850020401485,Español,Normal,False,94.18283425425832,6.714786865077854
50 mph,,2909.274935848774,Español,Daniel,True,92.27764438596785,5.8189426670842135
44.6 mph,,2418.613811622899,Español,Normal,False,122.41302719438447,4.393017412409829
18.3 m/s,,2264.5798158074117,Español,Normal,False,86.85311380776494,5.539507079827907
18 m/s,,2413.9638407382463,Español,Normal,False,92.40175826491651,4.722853581216059
43 mph,,2778.5786414453864,Español,Normal,False,110.39082079263252,5.52103609745039
14.1 m/s,,2358.577511206542,Español,Normal,False,75.39258690458499,4.242077658528151
40 mph,,3028.916191456279,Español,Normal,False,107.53775713836602,5.7624341734206155
21 m/s,,2904.2335614481754,Español,Normal,False,73.72379700507825,7.010593305219171
31.6 m/s,,2754.4366787912504,Español,Normal,False,49.10998560202013,3.582776498297168
21.5 m/s,,3228.5838088351406,Español,Normal,True,76.59202464886928,4.136885510766247
29 mph,,2378.556184463608,Español,Normal,False,95.4935023041614,6.871410303020744
66 km/h,,2827.215500104933,Español,Normal,False,102.86985565523165,3.6078352441018002
27 m/s,,3048.378557127377,Español,Normal,False,107.13630339466685,5.956595337856946
11 m/s,Viudo,2494.456752122543,Español,Normal,False,64.79759859191745,3.9086747215820985
46 km/h,,3063.77283106552,Español,Normal,False,110.30403656183995,4.722172957415557
31.7 m/s,,2600.8866770073773,Español,Normal,False,95.87442620990117,3.9448662226919167
23.6 m/s,,2807.509217688366,Español,Normal,False,111.88883291669669,3.7595120660458354
74.8 km/h,,3003.944903243927,Español,Normal,False,111.50178164328908,4.406061304097601
83.5 km/h,,2774.8843280167425,Español,Normal,False,115.14051840672698,3.8014101392693886
13 m/s,,2444.559561761367,Español,Normal,False,82.38402907351764,4.689855395442988
77.2 km/h,,3909.879383286824,Español,Normal,False,94.30659321889445,5.897441109365212
50 km/h,,3045.689893074676,Español,Normal,False,108.52070560202785,4.654914184785432
80 km/h,,2263.1735051616206,Español,Normal,False,95.97520948873645,4.396317634813569
19.4 m/s,,2473.7630781849675,Español,Normal,False,104.94671469823093,5.269711925780954
77 km/h,,2679.088244648273,Español,Normal,False,104.89197543436329,5.178639783060096
31 m/s,,2785.863933700107,Español,Normal,False,108.64633736188675,6.438252832947832
18 m/s,,2455.566633578922,Español,Normal,True,97.43306642673885,4.340557501830951
73.3 km/h,,2886.3352257065662,Español,Normal,False,102.42634229422399,5.984401882230478
41.1 mph,,2437.3195896896345,Español,Normal,False,133.85378877034054,4.006083553800217
49.8 mph,Viudo,4154.083971470878,Español,Normal,False,87.26937298258048,5.170778556688453
29 m/s,,3342.6505644206663,Español,Normal,False,110.49384270449198,5.764483090189289
23.3 m/s,,2746.464052072643,Español,Normal,False,91.3131141480412,4.108779719050844
36 mph,,2954.2765301030668,Español,Normal,False,120.13103167828278,6.109386537229413
30 mph,,2927.050291137745,Español,Normal,False,80.5222312270258,5.001840470230084
27 m/s,,3115.8002001267905,Español,Normal,False,92.32972722234352,5.752204974355721
71.8 km/h,,2705.478350776907,Español,Normal,False,104.91103618732618,5.841670704436903
68 km/h,,2746.299919261751,Español,Normal,False,94.33504865224451,3.4822696019588513
69 km/h,,2321.6534888151473,Español,Normal,False,108.41643529589712,4.784196349708842
77 km/h,,2752.3042549176607,Español,Normal,False,113.73720756443576,5.71367705997016
25 m/s,Soltero,2799.3677451632907,Español,Normal,False,88.98694687897049,4.914502452355765
28.6 m/s,,3387.147079704462,Español,Normal,False,86.6646389894294,5.7371994927158205
59.0 mph,,2537.9703655329704,Español,Normal,False,111.71343024030949,2.8023911852796966
11 m/s,,3276.0132675409404,Español,Normal,False,112.06167299207426,4.015325710058073
48.2 km/h,,2163.137477268716,Español,Daniel,True,91.66454067210015,5.821116466337234
38 mph,,3950.3401244078727,Español,Normal,False,82.66573247881624,3.643402039234762
21 m/s,,2388.5034533421576,Español,Normal,False,91.65626161363787,5.13354316773215
73 km/h,,2779.0652281591074,Español,Normal,False,97.08856151747726,5.028072363719278
48 mph,,2671.821423490281,Español,Normal,False,89.00854422360553,5.299975624796889
34 m/s,,3288.804093389864,Español,Normal,False,90.38112007068406,6.838524469024891
33 m/s,,2600.9271157048897,Español,Normal,True,103.22102317340337,5.325420440741564
49 mph,,2844.6592905590505,Español,Normal,False,107.81320574114861,5.810542993324913
57.1 mph,,2484.6318804345105,Español,Normal,False,112.07838685450756,6.214224998255347
27 m/s,,3203.2279407380115,Español,Normal,False,64.74872739854555,5.340517627723134
18.5 m/s,,3368.1386682793213,Español,Normal,False,81.2141493732648,4.02486428541008
25 m/s,,3354.935908114541,Español,Normal,False,88.0296313587669,3.8494936054200006
44 km/h,,2934.4486426813355,Español,Normal,False,105.92469404044326,1.9722762429954614
22 m/s,,2717.5620346951473,Español,Normal,False,99.11569885558767,4.115175054045522
93.1 km/h,,3196.4525168208643,Español,Normal,False,107.23918149400173,5.835639763154931
17 m/s,,10320.715910268724,Español,Normal,False,110.20426499468155,4.641805612636758
26 km/h,,2785.469246281907,Español,Normal,False,104.04988648701658,4.2629509960902805
22.5 m/s,,2600.9690966259504,Español,Normal,False,110.97508290027058,6.067176192806773
55 mph,,2174.7444334455677,Español,Normal,False,96.23051077200121,5.253555325633366
15 m/s,,3018.0431761935934,Español,Daniel,True,114.73169454773097,7.601754534877619
20.9 m/s,,2760.903634839862,Español,Normal,False,107.5100647428158,3.90618218473225
14.5 m/s,,3636.8189918759517,Español,Normal,False,80.79500459708457,6.096513020623639
53 mph,,2720.05821994038,Español,Normal,False,101.58398156202095,4.520949481716992
91 km/h,Divorciado,3016.19000734215,Español,Normal,False,119.48527638026559,6.941062676357465
17 m/s,,2576.4023469980684,Español,Normal,False,114.04558581948302,4.746389826812793
106.2 km/h,Soltero,2948.572378915347,Español,Normal,False,93.32572210270226,3.051801418479332
103.0 km/h,,2945.094833646661,Español,Normal,False,101.73666304082612,4.505550660812496
23 m/s,,3316.6600842042985,Español,Normal,False,91.60189868353856,6.57015121206852
27 m/s,,3320.8897275734453,Español,Normal,False,123.2577801306148,5.192513557586068
55.3 mph,,2343.7824554596687,Español,Normal,False,64.04591633868063,5.931283331792574
88 km/h,,2930.3615505681632,Español,Daniel,True,82.86028997041143,4.718812286490619
23.9 m/s,,3502.9372895199913,Español,Normal,False,89.76593243028202,4.1432121279330865
55.8 mph,,2511.6367480451236,Español,Normal,False,91.3602776718188,4.979480753915172
39 mph,,3134.423548858894,Español,Normal,False,121.52025627761805,5.546655235453857
126 km/h,,3678.547709939842,Español,Daniel,True,99.84570773928702,5.226104536386716
24.2 m/s,Soltero,2076.8822403083873,Español,Normal,False,90.98151183231185,4.479696633207129
95 km/h,,2736.5603492057307,Español,Normal,False,73.92586786937703,4.056120586280466
16.3 m/s,,3119.8015082112324,Español,Normal,False,86.02986752400007,5.65126989841936
24.6 m/s,,3314.703024188308,Español,Normal,True,115.8849418960564,5.975821687018782
18.5 mph,,2456.514759673287,Español,Normal,False,111.9771740415416,4.699610093955738
70.3 km/h,Viudo,3167.9042499883285,Español,Normal,False,82.23080022134954,3.6324730930892684
56 mph,,3172.703829997638,Español,Normal,False,117.42315702015082,4.25927286427893
40.7 mph,,2416.2995744176333,Español,Normal,False,104.35462269592692,3.980636220799557
94 km/h,,2611.057162286134,Español,Normal,False,112.42713851018536,3.6845960410913885
25 m/s,,3683.0598286074314,Español,Daniel,False,91.8755237762624,4.973703677221334
18 m/s,,3030.2129771578457,Español,Normal,False,111.98422740681643,4.308027413094683
18.8 m/s,,2839.7097935685074,Español,Daniel,True,101.19194542602581,4.731578832915132
128 km/h,,2539.448134387654,Español,Normal,False,99.96232835450681,3.6880527685564855
105.3 km/h,,2675.6043776664983,Español,Normal,False,107.37875007072051,5.716327054759211
94.9 km/h,,3011.305257642256,Español,Normal,False,98.05737947997594,3.9261493250962927
13 m/s,,2031.5378648379806,Español,Normal,False,82.32614071001797,3.8437828598483565
19 m/s,,3230.183245554602,Español,Normal,False,100.71015601374548,4.559324441862138
18 m/s,,3349.120270281338,Español,Normal,False,116.54369034997472,6.676992990924457
83 km/h,,2733.0401009349916,Español,Normal,False,94.56985014820361,3.9523754156900055
46 mph,,2693.092156450226,Español,Normal,True,84.53776007594008,3.7015142033018225
70.0 km/h,,3405.216125094852,Español,Normal,False,103.3572651855382,6.602994361642179
20 m/s,Casado,3202.843745943508,Español,Normal,False,87.42321750369753,4.497292757635427
12 m/s,,3852.5996496545113,Español,Normal,False,83.94121591279583,5.405530270743691
33.3 m/s,Casado,2666.6750878542134,Español,Normal,True,110.42106195239961,6.087330907848576
55 mph,,3487.952707261289,Español,Normal,False,102.88401461208875,5.219929805924075
26.7 m/s,,3044.5648802907326,Español,Normal,False,82.49609634880234,4.48448463960914
29 m/s,,2822.283334047235,Español,Normal,False,95.03513044421778,4.912020173310237
26 m/s,Viudo,3783.974988846013,Español,Normal,False,110.16954987007367,5.316422564738305
18 m/s,Divorciado,2769.397124085789,Español,Normal,False,73.19660519869664,5.161941804767534
60 mph,,3119.8015137667307,Español,Normal,False,114.58412348262515,5.894196930224596
26.3 m/s,,3437.721016597812,Español,Normal,False,108.3968204803013,4.661703852203973
18 m/s,,2862.518299462309,Español,Normal,False,100.93575856443759,5.125807994881782
24.1 m/s,,2752.993363782995,Español,Normal,False,122.067823091643,4.0700425035780015
20 m/s,,2890.836247141944,Español,Daniel,True,78.11203683800618,4.848248335410072
68 mph,,2643.8347473218273,Español,Normal,False,119.28729868579047,3.8464189574617342
50.8 km/h,,3119.162924872391,Español,Normal,False,77.52132823730061,4.6167190319304146
34 mph,Soltero,3059.644165940314,Español,Normal,False,103.66759443208478,4.440543409174518
16 m/s,,2852.945080074574,Español,Normal,False,110.98196317397966,4.738177436888671
90.0 km/h,,2940.7984643758446,Español,Normal,False,84.77023718890455,5.267242015115456
38.9 m/s,,2808.3466704938724,Español,Normal,True,112.40165784903031,5.194105565628552
21 m/s,Casado,3003.8774396192334,Español,Normal,False,95.13523419386637,3.365365915921851
19.2 m/s,,2938.8267513747887,Español,Normal,True,96.7831068708517,4.666718453917622
51 mph,,2393.7704681102937,Español,Normal,False,91.9412231430548,5.345056404055618
34.8 mph,,3387.86124650785,Español,Normal,False,93.8992876481298,3.2811823082703313
18.6 m/s,,2849.5889719314255,Español,Normal,False,71.90092243796475,5.064081398183563
80 km/h,,3393.8631093584395,Español,Normal,False,91.35752717967696,5.418935445587828
53 km/h,,2883.622113437307,Español,Normal,False,120.07854501498376,6.578222215607559
62 km/h,,2335.9265806191092,Español,Normal,False,95.7525118207895,5.545569992386298
70 km/h,,2829.6632318904503,Español,Normal,False,140.02002523896758,6.1559829653587945
80.7 km/h,,3302.0758742379926,Español,Normal,False,104.53487816264472,5.21327637989254
64 mph,,2420.116741785896,Español,Normal,False,113.4896994269149,4.4026062161503425
50 mph,,2783.7429627693664,Español,Normal,False,104.09590855605109,5.967506495085601
16.1 m/s,,2710.9014510819607,Español,Normal,False,77.54860556067534,5.867523558313912
27.7 m/s,,2546.826518381747,Español,Normal,False,99.48130956680806,5.40211091679703
63.5 mph,,3558.034144310481,Español,Normal,False,95.33553309314739,7.049179554647303
52 mph,,2638.487863545717,Español,Normal,False,61.95527910733314,6.012231971617816
36.4 mph,,2816.8723815394474,Español,Normal,False,115.41251040195016,5.994491551376766
22 mph,,3584.0385683856207,Español,Normal,False,89.97495544851624,3.359744812980962
82 km/h,,2290.0815793412244,Español,Daniel,True,119.4703121065341,3.4521587657436967
26 m/s,,2279.05123195915,Español,Normal,False,102.14661343994666,7.4008238914473985
27 m/s,,3053.0476096415405,Español,Normal,False,104.86681648999975,6.096287224136973
37 m/s,,3440.453076242114,Español,Normal,False,100.0250608808763,3.0909838509467713
19.6 m/s,,2794.594706469022,Español,Normal,False,94.21259530607462,3.8208697842170753
26 m/s,,2772.1834428568554,Español,Normal,False,124.36316734942416,5.703906198105801
18 m/s,,2931.6672666678674,Español,Normal,False,104.01397318379115,5.651759685118468
79.0 km/h,,2597.3824080344966,Español,Normal,False,108.7157152491461,5.51001547176821
49.3 mph,,2837.234445729872,Español,Normal,False,82.72521373676629,3.8445581315642827
24.1 m/s,,2779.8569964805374,Español,Normal,False,94.11528470360926,3.365176078724116
99 km/h,,2594.4515965655423,Español,Normal,False,100.69684493965231,4.689343425953916
53 mph,,3545.45327208385,Español,Normal,False,108.61940481999916,4.650989373657801
51 km/h,Divorciado,2778.392665777828,Español,Normal,False,75.81003846096499,4.678681197053811
20 m/s,,2396.6897329667154,Español,Normal,False,118.58178271557534,5.583386882745017
51.7 km/h,,3276.446872380297,Español,Normal,False,109.87253958375587,5.144518488382346
24 m/s,,2365.071014783274,Español,Normal,False,116.00155608255295,5.506317383663996
57 km/h,,3026.3753954373815,Español,Normal,False,104.73104146541901,7.431657295825812
54.1 mph,,2922.554499652817,Español,Normal,False,89.5064982206176,5.559626232278491
41 mph,,3449.865273261292,Español,Normal,False,117.92180516686037,4.696476831738409
51.0 mph,,2078.51738710917,Español,Normal,False,86.89895531060357,4.950878920276125
123 km/h,,2939.79695425741,Español,Normal,False,105.01896340197513,4.43091598296088
63.8 km/h,,3173.5363655749807,Español,Normal,False,88.73810667297195,4.56395859713054
26.3 m/s,,3086.496989763985,Español,Normal,False,96.45283225651458,4.105307670635285
57.1 mph,,2880.413219517781,Español,Normal,False,97.47352199779336,5.502497007383376
70 km/h,,2613.1794015142746,Español,Normal,False,111.17715238645407,6.247768404597711
68 mph,,2983.833963568503,Español,Normal,False,96.12030324646068,2.985970147035436
55 mph,,3361.6879771668646,Español,Normal,False,100.468569548195,5.224735004028057
33 m/s,Viudo,2657.8409026078957,Español,Normal,False,76.7974823963262,5.346393854965901
47 mph,Soltero,3140.45496309787,Español,Normal,False,101.95375114558044,4.831891994168444
58 mph,,3363.1731493705565,Español,Normal,False,93.05549246955603,5.69442645538397
59 mph,,2709.846377602374,Español,Normal,False,80.3836847362526,5.132808412915691
86 km/h,,2001.3865371806048,Español,Normal,False,115.60957533579125,5.923571381131521
57.2 mph,Casado,2608.8932213172793,Español,Normal,False,72.81929300688506,4.163843310783033
86.5 km/h,,2338.334071287988,Español,Normal,False,92.58079235575812,5.117591321160951
20.1 m/s,Soltero,2489.2108046988433,Español,Normal,False,107.45996911578419,7.824026899851519
15 m/s,,3296.856491368359,Español,Normal,False,109.20379350406,4.894982822456044
10.0 m/s,,3082.534937054326,Español,Normal,False,101.3448448940946,5.447652550761557
41 mph,,2995.6673826304213,Español,Normal,False,97.6024462389243,3.756509331582813
35.8 mph,,2958.317769835742,Español,Normal,False,124.4624003855971,4.334963813880722
27.4 m/s,,2418.8255903090376,Español,Normal,False,75.97447335529584,5.590037510423319
104 km/h,,2962.5574522403294,Español,Normal,False,112.04069198039394,4.873407586897049
53.9 mph,Casado,3184.2680329079817,Español,Normal,False,104.71607679327757,4.719069945599232
61.6 km/h,,3455.247144170017,Español,Normal,False,81.18510782486484,4.757917927515709
63.5 mph,,2432.220759599812,Español,Normal,False,107.05834161229507,4.413714581338329
92 km/h,,2719.2951123359517,Español,Normal,False,89.43712196058401,4.044242444689973
28 m/s,Casado,3063.9159474047074,Español,Daniel,True,124.64754972443345,7.005626700933161
64 mph,,3086.907099669746,Español,Normal,False,104.4279522481471,5.285451885469693
10.8 m/s,,2371.1068086266596,Español,Normal,False,113.03919919860598,4.091658608736805
39 mph,,2617.475311425956,Español,Normal,False,69.86592253522696,5.418159675325401
51.3 mph,,2685.1196470367245,Español,Normal,False,119.11148985056191,5.4672315961458215
57.7 mph,,2518.101616599704,Español,Normal,False,120.40300972417201,3.301394962297679
60.6 mph,,2321.1437736011894,Español,Normal,False,90.53671664303312,3.519446079772078
27.5 m/s,,2419.9841363884893,Español,Normal,False,104.01650199875968,5.363791101365173
109 km/h,,2500.9055564787823,Español,Normal,False,102.92414159078636,4.230250320529536
53.2 mph,,2858.717239114981,Español,Normal,False,84.42780378236434,5.188397711787814
26.9 m/s,,3065.7599923953358,Español,Daniel,False,110.31541508854576,4.476069104863411
47 mph,,2734.5935665002316,Español,Normal,False,89.81399117245515,3.5069147416345627
29 m/s,,3474.0839605188926,Español,Normal,False,115.68327654672143,4.2550286656538105
27 m/s,,2957.5378368996526,Español,Normal,False,110.57688102994612,5.226977031525262
126 km/h,,3167.4901050100507,Español,Normal,False,108.09333372562479,4.946943145398839
27 m/s,,2579.353537071968,Español,Normal,False,100.66255667730836,3.811361104362008
70.6 km/h,,2801.4465426320317,Español,Normal,False,102.61848883908807,6.264021548854726
100 km/h,,2450.7230177672327,Español,Normal,False,102.09199214297742,4.003198397201235
19 m/s,,2417.906660128172,Español,Normal,False,105.7128471660731,4.664827826895698
18.3 m/s,,3269.7850640802862,Español,Normal,False,106.35559117745183,3.399647066781258
80 km/h,,3252.7323038941727,Español,Normal,False,98.57998387770816,6.549442390207415
19.8 m/s,,3614.4670758566017,Español,Normal,False,104.40354915994327,4.098466486711912
58.7 km/h,,2325.5768672641548,Español,Normal,False,118.64559605647703,4.6850203194754
81.9 km/h,Casado,2477.456994413062,Español,Normal,False,112.89691267993139,4.917282042603324
58 mph,Divorciado,2537.973515764393,Español,Normal,False,83.01550060226464,2.9839884592911234
20 m/s,,3366.4183484286295,Español,Normal,False,92.38467831685045,3.7719615077131157
61.6 mph,,3021.5840821012785,Español,Normal,True,94.93358262090719,3.38410887713089
79 km/h,,3586.146729646936,Español,Normal,False,103.77859527229434,4.919905122013435
31 m/s,,3047.8755606150576,Español,Normal,False,116.0527279917074,4.656061730810192
27.8 mph,,2721.3454909812062,Español,Normal,True,96.43273740274589,4.766006895798321
16.9 m/s,,2863.812349792097,Español,Normal,False,137.238807769959,4.16311099135708
78 km/h,,3018.602771820354,Español,Normal,False,114.97074146241243,3.0392492374291322
81 km/h,,3280.4559642612644,Español,Normal,False,120.5924692290094,6.3297182795179046
106.1 km/h,,2790.939206577704,Español,Normal,False,101.94487703796177,4.578171124963381
22 m/s,,3379.9326623112493,Español,Normal,False,104.44563081741903,3.063236232593318
55.5 mph,,2788.403144338511,Español,Normal,False,85.72952395004509,5.203004054572525
81.5 km/h,,3498.884910075589,Español,Normal,False,98.47606475448345,3.1923138314749773
73.9 mph,,2618.306007953815,Español,Normal,False,105.64756658796294,4.757092820390607
50.9 mph,,3122.089575191071,Español,Normal,False,112.61869716317028,5.8976709745874345
52 mph,,3191.3318848909166,Español,Normal,False,95.13191455521556,4.328527223696755
83.2 km/h,,2785.044572851759,Español,Normal,False,116.78858539073104,4.41741792187241
32.5 mph,,2116.506950119743,Español,Normal,False,127.36707797194771,5.489479862572792
26 m/s,,3106.1270990426933,Español,Normal,False,94.9200877983087,4.306300041599428
21.5 m/s,,2460.209705727276,Español,Normal,False,96.73627058710197,5.407724740745326
33.8 m/s,,2893.0119572188696,Español,Normal,False,75.74183433220797,3.825636890302784
64 mph,,1638.217145565653,Español,Normal,False,92.29822529182758,5.164691810911064
42 mph,,2753.077656834698,Español,Normal,False,84.8232711333923,5.766408152946842
19 m/s,,3250.7023120372105,Español,Normal,True,90.74610581425154,5.106794273920763
87 mph,,2834.764075498561,Español,Normal,False,101.05403376297284,4.367828315095614
30.6 mph,,2901.8063962146907,Español,Normal,False,105.09397712081542,5.998592181989452
85.0 km/h,,2374.832403205244,Español,Normal,False,107.37521471771561,4.585375754836336
81 km/h,,2449.9441688480965,Español,Normal,False,104.4632254412748,4.651644822046919
42 km/h,,2436.5888846204916,Español,Normal,False,88.34707289465626,5.565132642831791
108.0 km/h,,3125.209343612618,Español,Normal,False,97.40348204545965,5.462872228588645
22.2 m/s,,2512.298148844014,Español,Normal,False,103.5234073984246,4.551051035116667
37 mph,,2266.845341520901,Español,Normal,False,101.5903065887983,6.354171033673762
68 km/h,,3912.1574738446957,Español,Normal,False,99.51991155104633,6.218076939964083
59.3 mph,,10235.116956619571,Español,Normal,False,105.41875945072687,3.6727539957231805
23.7 m/s,,3322.067174057459,Español,Normal,False,97.0789852255566,5.182691470056755
85 km/h,,3418.5355333841176,Español,Normal,True,95.72771229974684,4.912890902931332
21 m/s,,2700.600874640696,Español,Normal,False,97.0671163036182,4.336086755496873
20.2 m/s,,2748.3655635170785,Español,Normal,False,106.27058874916473,8.367624251750676
66 mph,,2897.776262122529,Español,Normal,False,123.31420525675237,5.60185634701374
21 m/s,,2532.609191636027,Español,Daniel,True,118.10889431231259,5.660634644523775
65.9 km/h,,3165.554887563967,Español,Normal,False,91.36416325683352,5.077378897316249
60 mph,,3512.096944877293,Español,Normal,True,127.75793880816602,4.159651368705098
73.5 km/h,,2842.9290202354655,Español,Normal,False,99.1760012504187,6.54647967692984
100.9 km/h,,3132.274801923637,Español,Normal,False,90.88880082991662,3.2034594560269216
85.3 km/h,,1938.1324214372958,Español,Normal,False,90.73206644040327,4.709800646942452
35 mph,,2660.13771910562,Español,Normal,True,96.7208085503556,5.4626281371692755
12.8 m/s,,3006.3382076479315,Español,Normal,False,113.71082963248969,4.123064497778294
21 m/s,Soltero,2516.3252552316935,Español,Normal,False,87.93261901954821,6.991094056189944
29 m/s,,3114.5983991487374,Español,Normal,False,109.31065810641708,5.252768236573072
60.1 mph,,3185.784787274853,Español,Normal,False,103.14325360139357,6.052597040053028
54.0 km/h,,2918.622911917756,Español,Normal,False,128.07014005029782,4.146086395135439
78 km/h,,3278.651588942616,Español,Normal,False,94.51774457131489,3.416506442651686
21 m/s,,2309.4934232461947,Español,Normal,False,106.71303468390573,4.893631098056001
rápido,,3084.9599343173363,Español,Normal,False,80.74758025558998,5.838920917069402
49.7 mph,,2689.3732240754252,Español,Normal,False,86.83345713895955,6.088787367858274
28.7 mph,,3239.955702862226,Español,Normal,False,106.66267097059355,4.998450129573261
24 m/s,,2601.534046708503,Español,Normal,False,135.44014678674898,5.956016776887295
22 m/s,,2860.6042680290952,Español,Normal,True,78.50427370113029,4.1780967855646765
18.0 m/s,,3538.928707591333,Español,Normal,False,92.04051635420699,3.6350250682444614
46 mph,,2954.448773490291,Español,Normal,False,90.25756448068672,5.160600353946365
110 km/h,,3653.268428223232,Español,Normal,False,111.32379761815906,6.046987007570753
46.3 km/h,,2865.819727329401,Español,Normal,True,86.76377906474725,4.7082760205706204
75 km/h,,2378.2626598728575,Español,Normal,False,115.14423452983267,5.8378461297274455
47 mph,,2489.4193295022424,Español,Normal,False,101.1760494796557,5.203120493670113
19.7 m/s,,3107.8754499681577,Español,Normal,True,114.32033776893684,4.374899579393492
18 m/s,,3105.9967756527826,Español,Daniel,True,130.12032363124538,7.721192686257081
19 m/s,Soltero,3121.085322541452,Español,Normal,False,74.16467188745284,4.8063140706774865
19.9 m/s,Soltero,2823.7389481834693,Español,Normal,False,112.30865523365497,5.570436966740615
33.6 m/s,,3037.0005426377115,Español,Normal,False,99.32484390293858,6.528111353137499
58.4 mph,,2446.3067362096663,Español,Daniel,True,106.05824850019079,4.31063457504899
28.9 m/s,,2754.1127335352326,Español,Normal,False,70.55868771254723,4.403820941126362
84 km/h,,2883.2773416069913,Español,Normal,False,96.7014559553345,5.1038635641242704
60.5 km/h,,2481.844109835237,Español,Normal,False,116.66463891083102,5.857791132693107
63.1 mph,,2856.9072364657504,Español,Normal,False,93.5540995981652,5.606865833847735
83 km/h,,3747.0306430659803,Español,Daniel,True,72.6259373252672,5.456147732462132
15.9 m/s,,3223.243503398329,Español,Normal,False,101.01788365835374,5.418733870230015
27 m/s,,3419.453201684035,Español,Normal,False,93.38791839375509,3.8903548926879665
43 km/h,,3277.676652128507,Español,Normal,False,43.155646767031115,5.5992170450682135
9 m/s,,2836.819116975794,Español,Normal,False,99.50170607668825,4.167805146031124
82 km/h,,3549.226139492914,Español,Normal,False,86.36772894980767,5.9994021032773635
48 mph,,3247.7234464980424,Español,Normal,False,104.38376071652581,5.5154675265970035
26.2 m/s,,2169.970834159856,Español,Normal,False,101.34078262229782,3.3763492912400013
59.1 km/h,,3029.503466713185,Español,Normal,False,85.9401656273112,4.512906311311377
48 mph,,3149.041614417016,Español,Normal,False,127.28364678372888,6.594436171667072
73.7 mph,Viudo,3311.265490734616,Español,Normal,False,110.45067726021733,4.5852433630381375
63.9 mph,,3086.55006423503,Español,Normal,False,104.25903392774723,6.204536093485426
18 m/s,,3528.542667646495,Español,Normal,False,77.98462891987809,5.5968541352260175
17 m/s,,3198.1094496783,Español,Normal,False,83.99570452610618,2.7557540706909673
20 m/s,,2282.483930884622,Español,Normal,False,91.11342241905461,6.059120339913684
65 mph,,2736.460072637169,Español,Normal,False,79.17965630042566,6.263090104486048
76.7 km/h,,2770.626499059523,Español,Normal,False,107.86232072972437,5.7819486944871095
74.2 km/h,,2754.1311563353033,Español,Normal,False,109.07831294518174,5.346546961308391
128.0 km/h,,2748.754419028403,Español,Normal,False,90.5393111004209,5.049738259607456
23.5 m/s,,3241.664118974921,Español,Normal,False,72.10084144454706,3.5111894878655137
33.1 mph,,2827.8747438598402,Español,Normal,False,97.88803500164077,6.081838884108144
77 km/h,Viudo,3215.124555887722,Español,Normal,False,126.09529441767143,6.225461603399672
36.7 mph,,3003.8368954348807,Español,Normal,False,119.27402536756081,6.693066686087116
108 km/h,,3720.004653317032,Español,Normal,False,104.45537775648603,6.107450505367563
91.9 km/h,,2425.061589274602,Español,Normal,False,110.05416898450493,6.156919465675299
35.3 m/s,,2846.476672092265,Español,Normal,False,82.70709857919805,5.5806669383341525
80 km/h,,2358.6632361478228,Español,Normal,False,85.42252558936332,6.086077276729951
58.8 mph,,2963.1882360955924,Español,Normal,False,80.54123110742145,5.774382046202419
43 mph,,2628.5936663943107,Español,Normal,False,84.87361783758404,4.549894770917902
27.6 mph,Viudo,2058.55666153775,Español,Normal,False,104.11951161089773,6.799662953055012
16 m/s,,3230.8849495205923,Español,Normal,False,102.08718792704992,4.075865073695584
24 m/s,,3491.6426436072143,Español,Normal,False,121.03183501346922,7.0548995226055
32.8 mph,,3062.2047481771965,Español,Normal,False,106.44039557937661,2.489731543261917
23.2 m/s,,2925.4759824767293,Español,Normal,False,110.85003709114825,3.737868463718221
96 km/h,,10189.151978450293,Español,Normal,False,123.57301563018937,3.8662146562849466
59 mph,Divorciado,3017.4173635034454,Español,Normal,False,89.491057335639,5.350116232918923
82.9 km/h,,3470.103208509173,Español,Normal,False,107.26114969414378,5.629338770285924
17 m/s,,2902.9814531203197,Español,Normal,False,82.73756360988335,4.595747941396968
30.7 m/s,,3525.778188041825,Español,Daniel,True,115.28068434557639,5.341141582750266
23.9 m/s,,3422.739535734175,Español,Normal,False,117.00456646508331,5.681208654608828
30 m/s,,2824.464160692131,Español,Normal,False,95.60093062870256,4.6109902507367915
53 mph,,2537.7583265790445,Español,Normal,False,99.34590693951745,4.334185482377238
19 m/s,,3013.1400227369963,Español,Normal,False,112.2630019776427,5.709135316137425
28 m/s,,2922.6260302554874,Español,Normal,False,82.57022211207051,6.436544582101933
52 mph,,2459.450117401779,Español,Normal,False,124.5024401059415,6.202632085086776
59 mph,,2777.8067159764696,Español,Normal,False,90.11620383465174,3.972342284111327
23 m/s,,2567.895485008861,Español,Normal,False,97.4336740513641,2.5614349646161267
24 m/s,,2834.55938830445,Español,Normal,False,101.6316154904914,5.864647812892896
98 km/h,,3273.603344153163,Español,Normal,False,77.72317802965347,2.359885766084782
120 km/h,,2208.2611146631225,Español,Normal,False,88.43134464442808,4.912152500162386
72.4 km/h,,3067.1828909804294,Español,Normal,False,88.56076925054282,3.2294185056069713
89 km/h,,3018.2036675470204,Español,Normal,False,69.99171153707636,4.577325825057738
72.8 km/h,Casado,3012.89091504178,Español,Normal,False,130.7056839921318,4.020244121808397
65 km/h,,3034.79238283223,Español,Normal,False,88.18002157025072,5.751384965973479
40.4 mph,,3301.466000166464,Español,Normal,False,105.14069915638784,4.969930822253261
57.8 km/h,,2397.4981300410827,Español,Normal,False,101.64143404516042,4.04373071895947
73.9 km/h,,2343.5217386781997,Español,Normal,False,116.24433289704874,4.41667085877848
29 m/s,,2137.7375089022016,Español,Normal,False,93.76786842864081,4.016811906076622
26 m/s,,2735.7510668822315,Español,Daniel,True,95.01342871949079,5.849463896709364
56 mph,,2997.821088510553,Español,Normal,False,87.16658754058373,3.8815504455405794
63.2 mph,,2520.9166236659457,Español,Normal,False,88.97636772092028,4.878010518354079
55 mph,Divorciado,2595.6195071871484,Español,Normal,False,103.8623983701502,4.563664898525327
24 m/s,,3713.2789034760176,Español,Normal,False,88.66518301783506,6.12327614397652
19 m/s,,3279.0371023465405,Español,Normal,False,105.79768156529819,4.398020103893614
60 mph,,2119.0858397176353,Español,Normal,False,116.1407068523927,3.4387182046380698
60.9 km/h,,2784.3677252019147,Español,Daniel,True,112.82795206051479,4.938081932459034
57.6 mph,Soltero,2979.538357575737,Español,Normal,False,89.41881156405783,5.005249485734252
41.8 mph,,2635.297265674497,Español,Normal,False,97.09291101113938,4.627918432762161
41.7 mph,,2863.7928951818167,Español,Normal,False,97.71095012703924,5.669108054454197
28.3 m/s,,3051.3311500441378,Español,Normal,False,99.28496805049699,4.5631952502985245
22.6 m/s,,3022.7440109108957,Español,Normal,False,98.46500445446696,5.318616215256268
19 m/s,,3484.5256341683603,Español,Normal,True,107.93779809800796,5.117403020868857
77 mph,,3306.5909008545345,Español,Normal,False,91.47060261012462,5.528893647923385
54 mph,,3795.5372316554435,Español,Normal,False,87.42597747698751,4.430575576629778
23.2 m/s,,2517.4613692219054,Español,Daniel,True,129.15196923066404,4.57724393865863
41.6 mph,,3041.2928582325,Español,Normal,False,102.59488951104721,4.174280986877238
81.6 km/h,Viudo,3233.056039203027,Español,Normal,False,104.44070340276187,5.229742557142402
43.1 mph,,3015.2262816321127,Español,Normal,False,82.12401879766583,5.800744573543844
15 m/s,Divorciado,2812.704695928624,Español,Normal,False,113.4160251260021,5.4980406061157785
19.4 m/s,,3061.967640064242,Español,Normal,False,114.55332335429925,5.660066583575248
70.8 km/h,,2976.00945949869,Español,Daniel,True,94.0450319161635,4.255899665096807
100.0 km/h,,3051.561386032211,Español,Normal,False,97.35385241735051,4.197073445395926
77 km/h,,2397.0588802127363,Español,Normal,False,101.5021318912661,5.393828289632775
69.7 mph,,2638.3830672816334,Español,Normal,False,90.84473176714188,4.432456163759554
24.2 m/s,,2962.8258799912333,Español,Normal,False,107.53280604684352,3.595587155203214
73.9 mph,,2732.445124813178,Español,Normal,False,97.35777040954548,3.924755680303626
44 km/h,,2946.894579053567,Español,Normal,False,82.11844853093409,4.985888170907196
78.7 km/h,,2893.395971548487,Español,Daniel,True,113.1670617968026,5.171164835673154
110.1 km/h,,2629.185149715433,Español,Normal,True,110.79771817410523,6.106788390626511
78.7 km/h,Soltero,3312.1832786238883,Español,Normal,False,86.43584468382332,6.270070549547286
92 km/h,,3275.8604719430796,Español,Normal,False,109.66302305692176,2.412767656528468
15.1 m/s,,2246.534206247511,Español,Normal,False,93.39837189242762,3.36565014865176
23 m/s,,3219.51628971321,Español,Normal,False,120.57752655114055,4.5157109977664005
36 mph,,2492.0916699984255,Español,Normal,False,121.37903406055642,5.355722092663721
46.1 mph,,2770.8057928795,Español,Normal,False,109.43111390548992,4.510417481372916
17.8 m/s,,2955.015816892287,Español,Normal,False,111.55395526384238,4.505507975504869
60 mph,,3349.8647508651457,Español,Daniel,True,107.07287026016778,4.898964888497808
22 m/s,,3655.4119969902235,Español,Normal,False,69.26885012387984,3.7358660178448937
14 m/s,,3094.51283935078,Español,Normal,False,107.89254222838555,4.569286253011731
53 km/h,,3363.680574840432,Español,Normal,False,80.15365482801369,5.795552645831183
49 mph,,2706.24218812132,Español,Normal,False,132.57632750707955,3.14385011695245
101.5 km/h,,2711.9056272471607,Español,Normal,False,87.8944738475906,5.728566013032179
48 mph,,3436.0546313804393,Español,Normal,False,113.40743789738312,5.9867164402217705
38.2 mph,,3406.475505093866,Español,Normal,False,68.91567709260187,4.96239459575188
27 m/s,,2383.4649990769412,Español,Normal,False,117.26886147705659,6.632891586108736
46.1 mph,,2914.5700219378864,Español,Normal,False,81.23286484547978,5.885092258000637
42 mph,,3159.275470718532,Español,Normal,False,83.78756764265987,5.725779298135587
67.1 km/h,,2113.6636919784487,Español,Normal,False,92.75660183973578,4.7026690647142955
63.8 mph,,2979.588716285803,Español,Normal,False,105.91882607263123,4.456780417529702
55 mph,,2758.6075243881887,Español,Normal,False,101.97644548291467,5.321459266236533
39.4 mph,Viudo,2477.3558667047428,Español,Normal,False,84.99485799003118,3.4783156925800824
82 km/h,Casado,3210.63067879567,Español,Normal,False,96.23880739838803,5.511371391735962
71.6 km/h,,2822.240946397291,Español,Normal,False,90.44324402471673,3.3253039256867085
18.9 m/s,Viudo,2751.8691033171394,Español,Daniel,True,95.16254446832787,4.9841281684575955
59 mph,,2572.5204841847008,Español,Normal,False,93.18059915494018,6.003645085684598
57.3 mph,,3408.5546230831314,Español,Normal,False,91.504261426371,3.833151328905993
23 m/s,,2821.5996023116895,Español,Normal,False,88.85982844936095,3.627871080936907
27 m/s,,2828.2395291130965,Español,Normal,False,109.65643531820515,4.8216309424067045
101 km/h,,2425.807149131245,Español,Normal,False,104.91483446434763,4.6958804140607615
50.2 mph,,3513.340222472698,Español,Normal,False,96.69828409595446,4.586675059016904
53.2 mph,,2533.9259108853103,Español,Normal,False,92.12456924243548,4.1765018253022514
70.8 km/h,,3088.3229581177743,Español,Normal,False,95.38623459084758,5.11957535964898
103 km/h,,2662.7254340906684,Español,Normal,True,132.15079658950893,5.070468500480177
56 km/h,,2941.639235680484,Español,Normal,False,79.87638853124972,3.8761737196246457
21.1 m/s,,3173.508928081931,Español,Normal,False,101.16635620610677,6.219051147305858
25.0 mph,,2334.352791745645,Español,Normal,False,93.21054558762933,3.8662054927001566
85.6 km/h,,2619.111487297013,Español,Normal,False,76.30636124105945,2.0445300555876478
82.6 mph,Viudo,2629.5179952051176,Español,Normal,True,107.7559053261664,6.035955576188842
30 m/s,,3181.982640447525,Español,Normal,False,82.65089568924651,6.3804752189778275
66 km/h,,3475.599360389256,Español,Normal,True,100.6785922899542,5.339360492346809
52.6 mph,,3816.435705196886,Español,Normal,False,97.03116599572526,4.667025650752941
26 m/s,,2029.3966041761764,Español,Normal,False,122.75207991942642,5.698778214619131
70 km/h,,3458.683893601323,Español,Normal,False,113.36180121818477,5.017251055299579
22.2 m/s,,2907.821832748263,Español,Normal,False,95.1567926165801,5.672228201812304
47.5 mph,,3079.3691341492545,Español,Normal,False,53.65563148869366,3.2810642983691496
26 m/s,,3437.3296462342496,Español,Normal,False,95.39578218227507,2.5848294620552625
53.4 mph,,3328.7003451140827,Español,Normal,False,94.52794275582912,6.00129597316548
87 km/h,,3111.257181228678,Español,Normal,False,126.94215433444771,3.6657346136063005
27 m/s,,3267.1478210204555,Español,Normal,False,108.88436374949535,7.320701138515426
25 m/s,,3370.1788177372173,Español,Normal,False,65.62066679183786,4.530265989177089
76 mph,,3280.202159379014,Español,Daniel,True,94.540208800821,3.5312462969707377
53 km/h,,2727.026173505955,Español,Normal,False,117.6077503565611,6.4478356850519605
52 km/h,,2954.0902186232506,Español,Normal,False,99.56846144331782,5.839965179763426
50.3 km/h,,3061.3743841277105,Español,Normal,False,122.57182754508435,4.692439752762066
29.3 m/s,,2748.6313284337193,Español,Normal,False,79.75866969780765,3.3848527613203494
55.9 mph,,2840.282471431709,Español,Normal,False,88.95683034610468,4.0210736639786795
21 m/s,,2243.725885087336,Español,Normal,False,87.85952079648041,5.31842005307735
62.5 km/h,,2402.4542262152027,Español,Normal,False,111.1714140869994,5.858580829000091
79 km/h,,3381.1350897380053,Español,Normal,False,99.25293199573882,4.885627475189524
53 mph,Soltero,2444.0945582902077,Español,Normal,False,98.27518766673796,5.667159162567537
75 km/h,,3004.4454926499593,Español,Normal,False,100.32451752507488,4.666960779516857
26.7 m/s,,2879.416562284741,Español,Normal,False,100.45940008512079,4.991580708958037
74.7 km/h,,3991.866285772795,Español,Normal,False,87.22436717243521,5.577722273115795
86.7 km/h,,3352.145478842847,Español,Normal,False,94.07007829037374,5.92397259162525
15 m/s,,2615.029409605225,Español,Normal,False,105.45321715241556,4.347845805575708
26.4 m/s,,2717.488757973167,Español,Normal,False,106.8697782073184,4.793192982739434
47.2 mph,,2729.8421611476397,Español,Normal,False,111.93172400662404,6.3215968963783835
66.5 km/h,,2884.1077845194022,Español,Normal,False,122.07077363228609,3.251402376308039
52 mph,,2902.0364784079356,Español,Normal,False,129.40633843233493,2.973308155114777
48.2 mph,,2739.803051823638,Español,Normal,False,87.8323492721955,5.609579402798282
112.6 km/h,,2314.9271826550103,Español,Normal,False,76.67262413860345,1.933990679812279
20.6 m/s,,2906.052612355194,Español,Normal,False,94.08995730633845,4.088885971029586
90.6 km/h,,3476.095262560417,Español,Normal,False,79.08559496662042,5.329297586757167
44.8 km/h,,2253.6496828621043,Español,Normal,False,87.9173614034324,6.16938073154346
22.3 m/s,,3212.7424788180692,Español,Normal,False,86.58233968194847,5.879094682769297
21.0 m/s,,2877.0546497883083,Español,Normal,False,94.83403512917099,5.308774093989986
94 km/h,,3477.629338084156,Español,Normal,False,83.26516817470001,4.938853293167744
19.1 m/s,,2481.531734869373,Español,Normal,False,73.77942491764894,6.124692533282532
13.4 m/s,,3091.116448425066,Español,Normal,False,112.54390585477753,5.20904247777357
64 mph,,3415.9633339784623,Español,Normal,False,109.21631403595562,4.952322129174304
24.5 mph,,2786.8342840192204,Español,Normal,False,97.73206381536178,4.482748171543972
23 m/s,,2936.1163573200447,Español,Normal,False,84.129206239826,5.123789964660635
75.1 km/h,,2730.561922241275,Español,Daniel,True,123.0079020803162,5.014718268841607
30.3 m/s,,2941.224724243522,Español,Normal,False,78.60504831131513,6.617520638842029
28 m/s,,2341.210153989054,Español,Normal,False,90.43515799935996,4.742828881845795
68 mph,,3710.269400133073,Español,Normal,False,126.74355228863169,6.476175892410668
40 mph,,2715.0663438615734,Español,Normal,False,127.49000319597206,5.478912147135351
24 m/s,,2415.797362071199,Español,Daniel,True,114.9974829708309,4.333141742685742
78 km/h,,2621.504001331874,Español,Daniel,True,101.38272635769212,5.014388096243114
65 km/h,,2674.2716269355005,Español,Normal,False,113.81250547242232,2.9121903011718198
31.4 m/s,,2869.4470252613837,Español,Normal,False,74.88382201433727,7.011979465819919
64.7 mph,,2754.0560326799346,Español,Normal,True,86.32783049297268,5.437582632440816
49 mph,,2628.439728554113,Español,Normal,True,78.59878169022828,7.376346986403311
14.4 m/s,,3649.6641905443857,Español,Normal,False,83.08577768084221,4.1922003266931345
21 m/s,,3431.8330064939883,Español,Normal,True,84.02640157593255,3.3551352838867983
41 mph,,2503.6822680762007,Español,Normal,False,103.33663923839427,4.642090689206396
24 m/s,,2873.1557439939384,Español,Normal,False,102.33416438126913,4.088652343273956
22 m/s,Soltero,2800.1527205937427,Español,Normal,False,129.53487998231628,5.462689743698134
60.1 mph,,2533.5479047316326,Español,Normal,False,104.1231628615215,5.333836819292108
71 mph,,2994.8945931617613,Español,Normal,False,91.5304896860957,5.7068450697491135
19 m/s,,2850.68711979699,Español,Normal,False,96.25802102463923,3.771891018407708
86.8 km/h,Soltero,3357.234615429694,Español,Daniel,True,94.56305818294842,3.2251975430695263
62 mph,,2642.545918193745,Español,Normal,False,129.40665958115022,5.133899392451114
21.4 mph,,2607.339834046762,Español,Normal,False,117.95401598397544,5.30519475585521
116 km/h,,2972.6445078968836,Español,Normal,False,89.28097412155992,5.691843437891585
23.8 m/s,,3050.076687097327,Español,Normal,False,65.72694754323182,6.415908940478133
87 km/h,,2806.94322654404,Español,Normal,False,106.61948582361846,5.843514085357393
27 m/s,,3612.558952155872,Español,Normal,False,100.7185820451455,4.473730696968917
48 mph,,3884.08421449634,Español,Daniel,True,100.8002159121859,5.063593735815006
17 m/s,Casado,2241.5138730803756,Español,Normal,False,84.3528127029305,6.743899719226017
59 mph,,2741.710721515371,Español,Normal,False,91.51633368537223,5.129027677297653
81.0 km/h,,3379.645097782305,Español,Normal,False,97.93624897571827,4.455672336924701
25 m/s,,2929.6312685026346,Español,Normal,False,87.95149991026591,5.07443308397093
75 km/h,,2884.6348943762014,Español,Normal,False,99.6193323928396,6.75713631127377
59.4 mph,,3145.723223635718,Español,Normal,False,111.4120692606408,5.995900122130041
57.2 mph,,2658.4824809676884,Español,Daniel,False,115.54255952036534,5.512613346032817
39 mph,,3117.1120108751315,Español,Normal,False,120.19074051377619,4.302456962457183
64.8 km/h,,3138.6224817003126,Español,Normal,False,100.48260533888427,5.21471418274605
21 m/s,,2899.3387700918843,Español,Normal,False,88.19939640789946,5.273943016273756
74 mph,,3018.8966728592122,Español,Normal,False,103.58648534038755,4.748286639546962
104 km/h,Viudo,2812.587249983202,Español,Normal,False,103.44027733015348,6.148957782648157
20.6 mph,,3165.037066831665,Español,Normal,False,94.39779631801223,5.465912281561903
73 km/h,,2883.0730938328456,Español,Normal,False,83.12366717682046,5.369597962175995
18.1 m/s,,2299.1505736734143,Español,Normal,False,92.5964566683466,3.655740675965447
8.6 mph,,2457.243906156839,Español,Normal,False,74.41342291078084,5.223698949743687
49 mph,Viudo,2676.7555578760403,Español,Normal,False,102.43373990491159,4.614012436245454
91.1 km/h,,2409.6130641462964,Español,Normal,False,101.51200411970423,5.42726052005501
24.4 m/s,,2987.313390069703,Español,Normal,False,84.29496533241809,3.777250670505714
22 m/s,,2664.7187335075255,Español,Normal,False,114.72522547282487,3.6115922972131025
66.6 km/h,,3792.35379182821,Español,Normal,False,110.07025144609862,4.564715984146805
33.3 mph,,2868.907469486959,Español,Normal,False,125.36092102914932,3.9113589075465267
72 km/h,,3124.7301605489556,Español,Normal,False,109.94072653850601,4.591468829956763
50.4 km/h,,2365.497447485191,Español,Normal,False,95.3508689059346,4.518729544468858
78 km/h,,3508.990784608164,Español,Normal,False,103.27286438297949,4.0781923797524176
63.2 km/h,Viudo,3608.932417870824,Español,Normal,False,95.17778729449446,6.123753437867587
69 mph,,2989.7596074219746,Español,Normal,False,89.0960828844322,2.8096816010822647
38.5 mph,,2705.6132868486793,Español,Normal,False,92.84449502269179,4.00561547057295
83 km/h,Viudo,3080.25415668529,Español,Daniel,True,88.23674111739825,6.56753790219644
19.7 mph,,2794.5861353239043,Español,Normal,False,104.97320865678945,4.908107757419522
35.9 mph,,3247.170630660685,Español,Normal,False,147.20743559942406,4.0430961413729465
99 km/h,,2926.755398383253,Español,Normal,False,114.75753926756877,6.734397530225719
22 m/s,,2683.3495852797446,Español,Normal,False,105.86344798247893,5.10103903429271
37 mph,,3118.223116924787,Español,Normal,False,117.86755060677503,5.562273614387991
40 mph,,3342.471210295777,Español,Normal,False,118.21147501163479,4.7916366124019785
37.2 mph,,2454.816509664539,Español,Daniel,True,84.6485865722655,5.4189927121183095
49.4 mph,,2472.132738661935,Español,Daniel,True,93.05982054513652,4.555566179891702
43.9 mph,,2734.1976038821913,Español,Normal,False,99.91959122778796,5.333720598360901
58 km/h,,2904.006374940242,Español,Normal,False,112.45922146444076,6.254383004660539
120 km/h,,2646.806832341827,Español,Normal,False,98.97148315071712,5.844646970641384
94.6 km/h,,2666.035465449912,Español,Normal,False,113.03649429710636,6.093891528540406
58 mph,,3349.8448105063867,Español,Normal,False,94.80001222560608,3.704478831738352
60 mph,,3200.353881377048,Español,Normal,False,83.95085641966811,4.447240776548214
60 mph,,2448.740209737122,Español,Normal,False,94.89292141681072,5.033855486146856
64.2 km/h,Soltero,3608.001782035728,Español,Daniel,False,86.68553964618273,6.23750502437433
59 km/h,,3029.5672753563194,Español,Normal,True,116.79582774424429,4.231372264546259
67.8 km/h,,2936.853025187735,Español,Normal,False,99.06874666963571,5.6356757465132095
109 km/h,,2717.057840792997,Español,Normal,False,67.30898298958587,2.861894810991929
64.0 km/h,Soltero,2779.870414495889,Español,Normal,False,92.77556657533361,6.308629104829464
88.2 km/h,,3006.73297417462,Español,Normal,True,117.36961989171476,6.262433525814258
54 mph,,3128.3011209511196,Español,Normal,False,97.33016738657555,4.675932530841651
61.4 mph,,3121.3238272556896,Español,Normal,False,85.77573395806374,4.4220469152844295
67 km/h,,2320.390205984496,Español,Normal,False,102.38588753012742,4.9869331961499235
67.4 mph,Viudo,3688.1728862105665,Español,Normal,True,115.84247913977968,2.372126585407507
22 m/s,,3119.9321547379786,Español,Daniel,True,95.69399841478109,6.183771924337075
42 mph,,3201.9406311563193,Español,Normal,False,101.93900314146435,4.640148499711289
51 km/h,,2038.1255628403783,Español,Normal,False,78.77663330819763,6.806344691165841
32 m/s,,3433.1987532459257,Español,Normal,False,93.34709821389924,4.1732015378440845
25.6 m/s,,2881.7849751320373,Español,Normal,False,85.02156225311744,5.404955868384489
21.6 m/s,,3026.0651796208494,Español,Normal,False,134.85743085924383,4.630365878632152
27.5 m/s,,2628.283851468645,Español,Normal,False,123.16948083871591,3.7803056761102787
17 m/s,,3086.3373757735885,Español,Normal,False,113.1655485782805,4.466674452843387
41 mph,,2381.5960402508545,Español,Normal,False,117.5951671680022,4.731361691354808
20 m/s,Soltero,2920.6455564497655,Español,Normal,False,78.51784932091346,4.0290047270682665
92 km/h,Casado,2988.067861960321,Español,Normal,False,116.15567167297836,3.159932107048649
17.6 m/s,,3065.5705019687202,Español,Normal,True,108.28475482130636,5.326549432396586
87.4 km/h,,2242.1309520244063,Español,Normal,False,102.69323849123012,5.468652228967199
42 mph,,2837.835412123182,Español,Normal,False,114.8212133520466,4.032705833757358
71 mph,,2565.893983025593,Español,Normal,True,84.79067563704456,4.22821005903785
37 mph,,2612.4068567337536,Español,Normal,False,103.07010953020666,4.773733811760571
42.8 mph,,2645.74163392952,Español,Normal,False,114.96066634050777,6.19896661653388
